[
    {
        "tarih": "18.12.2025 08:36:00",
        "ad": "Emre",
        "soyad": "Türkoğlu",
        "telefon": "05442308237",
        "email": "turkogluemrecan28@gmail.com",
        "adres": "helvacı mahallesi babaküstü sok no 14\r\namasya merkez",
        "pozisyon": "temizlik",
        "deneyim": "10",
        "onceki_deneyim": "eee",
        "egitim": "yukseklisans",
        "okul": "eeeeee",
        "neden": "eeee",
        "maas_beklentisi": "333333",
        "cv_dosya": "",
        "cv_bilgi": ""
    }
]